pressure,attribute size,attribute touchmajor,attribute touchminor,attribute duration,attribute flytime,attribute shake numeric,attribute orientation numeric
0.2287115267824007,0.6858516253568012,4.679951193223778,8.513909898426755,577.3567848303554,783.9844573917993,17.10817833064393,8.0
0.2483292564001659,0.4807730394750129,2.1677511118598507,5.627814455583352,238.17769306293843,592.1534320053372,965.880004088584,8.0
0.6086339062315447,0.9932894623126328,4.496569438419977,8.464362841238762,958.7541699280408,646.3770536281655,8.106835979082463,1.0
0.6070069981426833,0.8502650532728275,0.5209301354767149,6.642873753624859,128.03671893560508,722.5197981361168,393.73318637366333,5.0
0.3393806675779316,0.7573778730652991,7.6076175279469105,3.178739429838431,891.7959259213087,734.8294500997138,704.7463356313302,8.0
0.3414342068306501,0.08033899149209578,4.0458361775743406,4.796757129937209,261.7196798839731,526.861119993912,48.76000991235475,10.0
0.7799303178920275,0.406910609773538,0.8566984886082762,9.918668315853985,334.2635338575255,31.713942098289927,223.7299577324661,5.0
0.8449581366142511,0.3149579041868068,5.240197679029556,9.977373225124982,759.3016344559959,785.6267508770729,331.86017090887884,7.0
0.7563312633338412,0.3850655043983919,7.7703987937690755,6.060810875949455,171.93022474311326,708.192254997866,773.0218595950238,3.0
2.6369690985683647e-05,0.1703516668038062,5.493667076028651,7.505139749727645,990.7216052871213,424.2028960085923,520.5382562086879,6.0
0.8043527376363304,0.266341882138302,0.7207659538673206,9.874064755567241,336.49380847968985,477.29672321126986,390.46066027181223,10.0
0.8496211994123672,0.4126446492130107,2.4908273075341967,4.857637712590402,634.6770130550773,880.0195100186596,664.0221653845254,10.0
0.8974025314786441,0.5507096272188154,0.6590310812462163,7.006824116568352,99.04239134307191,867.1116206751338,99.66725536695999,5.0
0.6358065867375587,0.06457174682638889,7.619394329609906,9.61158980784359,65.03010258540087,31.40623677598187,801.5732246766638,4.0
0.5207805209221523,0.7547476041215301,3.890643770372373,4.110940993052512,667.087313576597,571.0063359575272,10.170576746123539,6.0
0.4669267499097749,0.33136972285700905,9.096453134119141,3.448982896390928,523.3755546252602,79.29327598637637,66.77387618652554,4.0
0.8619931496714313,0.7441535820280658,7.210737965823588,7.7618384768238515,617.4750579880111,7.881294898803404,382.4930511344813,6.0
0.07577308345357281,0.6148230913676664,9.49362075331711,5.814741470490464,531.8486782279927,477.9061894903113,707.3784316437699,10.0
0.6103408494354042,0.4971634331712298,0.8555233199975532,8.387890064786314,844.8090561322342,876.1643580273378,61.66258872251651,3.0
0.6029710089944864,0.6499237273863717,6.162155887377131,7.19864238197779,946.9479972648736,366.01460795077963,347.5625387233699,9.0
0.2851893037424247,0.4802713182437666,8.674714601430443,0.4652565703603973,10.484873933671146,839.9851945554175,539.4607126658399,3.0
0.6742674463941978,0.10209790631674354,5.6528908805862885,5.51164674966481,66.80930012179753,209.80302078812755,346.24751147703245,4.0
0.6976833097681425,0.8407906694317759,4.778688941158583,9.814341578371664,953.1508531138487,842.4235258339011,885.9687817060533,5.0
0.7534375135091609,0.9785303006480246,1.1933016190697965,6.29339328071593,349.82473068319234,33.983660901128246,778.5404233445005,6.0
0.0334980649514105,0.10190524776643284,8.461105502744887,5.370140931276606,551.4931580341341,850.2977207839197,485.88641620479865,4.0
0.3405761442324189,0.5275568190124624,0.049697748472493634,6.11918450676561,462.51293236189684,314.5317600013345,672.9839447226802,1.0
0.15392573333815365,0.9207150334521726,1.2352033996248757,8.52808815680264,181.9351494598156,257.38610218608244,95.14067912123636,8.0
0.44373566660644426,0.7663378683417299,8.704446452206613,5.179567428705357,114.76389089435223,769.6440858262632,282.7287584833193,7.0
0.4756802940034015,0.1042895416356695,0.16485537539823958,9.431866462416213,693.1827676723003,449.7548951737344,229.86575019046174,1.0
0.5010633481336938,0.5873695970530618,0.8041039370020808,5.1886661550006385,10.65174226262866,575.496691886839,760.4671103070607,7.0
0.9381913985928174,0.01590060088714984,9.8910087547397,0.04702738235783155,829.4297156528188,895.0769158402803,910.0083534462036,4.0
0.1828813764799956,0.09222894193814836,8.067554282130557,8.693540281771133,920.5040476310677,960.4540151478343,76.79186133966266,9.0
0.9037479056544117,0.6085596735577425,7.191621943618351,0.3250443673604342,62.80112943061656,857.605178142765,73.05570266208537,5.0
0.24302441763656,0.6628308987614067,7.641416237733519,9.543955274903617,584.4627201010918,355.33384537953947,762.6647899270364,10.0
0.5937307710572501,0.2415065507249288,2.0078921727844317,6.4867300782598365,507.3009314827165,677.8466323977581,195.087626381381,6.0
0.10717408275165784,0.5406280517944776,3.2455822747040584,9.473007816611686,939.8147943858372,934.7972514603184,180.5915519269564,7.0
0.6553073691330623,0.003992814389697008,9.926208115123618,8.300390984185228,99.2792268224143,951.5460602136512,211.6953249845047,7.0
0.22025161675630645,0.4234826360685928,2.171614125618211,5.732826810025268,87.13245046094299,607.8453203601919,642.2354229765974,7.0
0.5460153144982971,0.27623540766223165,2.9639180710039352,1.5655707914122718,320.14865735868824,155.47127093604539,100.1264598692556,3.0
0.7413861054029967,0.9741113899345324,6.898884929823173,8.618109293070708,144.44159370541118,794.1822623773975,34.77168915735251,9.0
0.8243786497664273,0.7366029160354793,5.360226630978792,9.238072482539874,273.2369245471666,932.2383754652748,276.16452399302614,7.0
0.7609206005823843,0.25443309359369026,2.1363749209807104,7.436490861245176,173.30750199871952,923.9389218794614,512.4396878755178,5.0
0.2731477114971356,0.5898884625584281,6.507065437423902,0.7856684373035538,5.619537558260834,30.47965005711461,750.4606843212047,7.0
0.2949486768656018,0.7464707503801518,4.017878352503224,0.8115173950208621,961.8664114741216,54.05441404068856,223.52399385134083,6.0
0.3411994755795529,0.9577707801240852,3.413639690346324,1.529061012653834,23.36852409280221,897.3591334392378,87.840844148007,4.0
0.7033461097661173,0.8911899787551424,1.1345428003694558,0.5938410847515241,159.449322034928,598.3244566788072,284.5925957762858,6.0
0.4820001723460272,0.6649274320103729,5.968977312061187,4.172078264034525,150.23149863304332,179.8821989969221,793.8146720468329,4.0
0.6384793936970435,0.9203190786133116,3.620685142172777,8.576013923843014,302.14758954048506,756.0272077372526,417.7060531706842,6.0
0.7974561742644889,0.3149637122426624,5.367925562066028,1.9679652484061056,132.36718039044837,237.26543610642747,396.2362403083426,2.0
0.9757583003283454,0.3550915936631295,4.5818159257942215,7.750947408466578,791.5128701592627,328.25687196859246,901.3328962773628,5.0
0.3587256065725648,0.4825155519386229,3.3740867695826515,1.4709923407983805,475.0376161737029,406.79169885958015,131.84548233337588,10.0
0.8217706062195601,0.5330247557530736,2.789552029684046,5.4913145296896575,890.6178199889537,12.932736990453273,366.69590440572114,3.0
0.2570638756102713,0.3095418326713162,3.6932079566736387,2.3817750475711827,463.77538162384,69.1380093076761,676.1162187054776,8.0
0.5033207386405032,0.16262323544389667,0.5232029488359868,2.3663423298500827,902.7882675527252,967.8810624693556,90.15291843373608,7.0
0.9669165455766456,0.3531120048225513,4.232901427750711,9.913453301996052,64.65883861692501,755.6038898481032,992.9566725832324,2.0
0.44210493880824375,0.5418663416034823,6.691432492483507,6.690594181171598,501.3750511323497,14.09044256770775,518.4105806484246,10.0
0.27069379948231265,0.7284041323311701,6.757308264477844,0.8931305402529,678.495230078966,637.7996817967485,192.0703803940177,5.0
0.2811796634314154,0.5999259138237101,0.15748026471801735,2.1096459682785893,157.24722174985428,366.28180728612716,421.80812490212685,5.0
0.044541561345617375,0.5545289835521474,0.7699661128927626,2.8745457966721895,731.3323015921652,745.4081271929143,964.2734176230074,1.0
0.9222365033552508,0.9871381170538192,5.261113186671879,4.813337798169368,957.2660219986343,38.392090246380896,813.9523205388145,6.0
0.061308787460379925,0.13433328844686332,0.15110734772098455,7.602556300619191,133.85178351797066,885.9707557135738,377.8359682315441,4.0
0.6211988626319971,0.4508325861914686,6.9596354989170655,8.758321025996189,923.264072994182,122.41480001526415,272.53585633147287,5.0
0.5497824408093088,0.39539187107506396,3.1939624823758055,3.606238079018227,419.6516039090772,169.47680587399526,86.70755910716521,6.0
0.6187724336817827,0.5692883252864879,3.4118872122829824,9.063521937543337,122.02580501255501,47.27307342875896,592.9556215683826,3.0
0.4106799683715385,0.3359274244105134,8.437403086181206,6.183587548438747,778.1957341659593,348.97874029853926,230.4497478377316,6.0
0.7139100301205398,0.5708464539256204,0.01060720893516276,6.366995896305463,545.900683432107,239.034173935062,719.6933670898045,4.0
0.4046329117083591,0.9307934426681136,7.857485345427468,4.892110825447233,18.438927138366807,456.7493961853143,386.0624742729199,10.0
0.7834546802387327,0.7824616496335633,2.132969760545956,3.6560901788958176,229.26035875726157,149.17478716462463,225.2017717287955,8.0
0.2509036562305179,0.6384157067604904,7.052321634102201,9.622647336430607,321.6404106301386,940.3990682585776,754.2280508918138,1.0
0.6545383856799253,0.5444889502583778,0.7455670327693831,6.153856903139907,51.66945886805874,882.0254813775715,116.46129533100512,10.0
0.2862393872272744,0.6302023380435325,9.839392663283764,5.601953031301888,778.8416476554319,636.1607069026903,977.8053588046454,7.0
0.3055216776421592,0.03812020030495356,1.2900775061235925,1.9823643706868708,982.2450670415782,963.7112653533612,565.0123078655765,10.0
0.9833016788904448,0.3719767242435381,3.8462911621784937,0.6531856747032272,150.5035406895283,487.1704018512693,886.9835799415463,8.0
0.8326848520639771,0.9497256391043069,8.56914044012767,6.110296019174774,262.9478268873329,523.5589367658313,274.11068346167764,9.0
0.7946364927693103,0.02377430004017567,6.171326740379572,0.5919881371832147,924.1893485645012,800.8497304559315,183.87518567517705,4.0
0.9671898856967278,0.6620164608948721,8.432195222634363,3.431989311886073,540.2355278301494,299.44218724255563,624.986421433237,9.0
0.9713143655125096,0.26008551490167303,2.213955127985785,3.7052198967421743,225.57870826862703,812.2753160286355,160.99612200216342,2.0
0.6256565551588982,0.9370691932467294,8.993740909976852,9.946974747505914,939.341585944076,44.04375768084967,338.48481071531444,8.0
0.8958661358176939,0.7831635417044971,8.19040981902516,2.073116288957114,578.9198232057024,650.6362373563626,424.9174329295011,8.0
0.3560855811147676,0.12882126150641793,2.318775357517983,1.5794440291278966,188.87311377022675,724.9433982070062,657.1005682036059,5.0
0.8194676471368332,0.8296662268961207,6.9860495181374365,8.532735199440014,390.6393997104223,459.9007873040511,112.75842666100787,1.0
0.6017556617605339,0.722463442323692,2.9481382363044863,0.2502277051627566,295.22827120751793,237.41557350363897,231.7183589179417,5.0
0.994951454448675,0.8264885264447394,4.695481311198886,5.036647009121669,476.2788380304792,774.2905093262282,251.9190979120346,1.0
0.6170891810391117,0.424229747945417,6.729087669941015,7.1934026700646125,657.0268309524834,76.74531744701841,153.32410054478018,4.0
0.9983948049264056,0.11395237027617698,2.5511390511878043,2.4597704920435466,630.0832600840623,211.4677848350669,980.1958595711592,6.0
0.11806249295844318,0.06515032425318767,0.15200227866919436,8.65153525511009,940.3540600345447,578.9472764215805,478.9455865392882,5.0
0.6977928086078197,0.7564974490448922,3.481836779243297,1.2249037016877085,770.0459778614644,995.7572281402316,32.28980581651075,4.0
0.20780696440932345,0.5883290203389122,1.9709137881960839,5.049591936536952,107.26589859924341,845.1239915480278,773.8505863035588,9.0
0.14739133774464794,0.4875473133764476,6.153145168356524,8.549024533625648,267.206874033627,466.18810298425285,52.729185856404406,8.0
0.2362767322133205,0.27449732866186105,5.0868531931453065,2.1032803313157364,455.5921854283736,455.6967855441528,424.81716580239737,9.0
0.02741959707852104,0.006716416413979243,2.7350621211770614,0.5303843198585134,43.07879473898912,30.860873399987998,289.5987878610967,1.0
0.4950487828202785,0.8014406616335452,6.966391815328382,3.303796482447153,534.987793085264,317.89246083931874,217.9285361897274,9.0
0.97932137420827,0.32543994976826074,8.988017407346954,3.5880500139913525,46.02180372601716,70.05483834367487,728.4713992068802,5.0
0.6502397770954931,0.8017667364369865,1.8331322607673937,4.606334569095884,180.97913865869697,723.2701192334233,501.85544923165435,2.0
0.9492113829489884,0.409321077023281,4.834246568993544,2.526454654127063,844.8387579301371,746.524779413668,189.9704141990921,1.0
0.5742779585512343,0.4835725460065706,5.3390772422632615,3.078685486420393,773.1081276426648,281.3185737602898,920.3019403820224,9.0
0.8023516199254871,0.3317867329205293,2.2325733370076986,8.737254360613074,474.1120317628299,323.706356265308,536.4216695801656,5.0
0.5986745220072259,0.7142122800621881,4.337711623680898,4.018308010209934,939.9494416910504,955.3245363244824,832.7646872514432,5.0
0.3292125785680675,0.9364066038466979,7.094795328961713,0.8174469035735155,175.256198571261,276.6397204680826,149.31874079084616,3.0
0.3477653390293263,0.6232918080646902,9.623578591252656,5.875203873766626,309.2445682129313,58.69973322169608,425.9200553174095,6.0
0.25206577040919675,0.19168507958219166,8.514320981868238,7.157579067307101,135.36339915958095,204.0125145204265,317.68059805052013,8.0
0.04082459096401625,0.6977048461694579,4.106698572422175,8.910136942656681,112.46649384432615,881.2740537291952,716.9597326787314,7.0
0.4409255553979502,0.9483613679830336,2.820699371960252,7.4666357165390185,593.8666705155551,377.0961255077952,58.20921236118271,6.0
0.07188610483786784,0.35633826519640066,9.840428608799694,1.97708106977877,236.16915078004783,195.10781449108933,709.5859359276335,1.0
0.6172856029263059,0.690826892494164,3.3344965696449163,8.507525549519261,698.1693686029657,883.1988019283134,301.72116279832227,5.0
0.5915099370265459,0.9825321645743228,0.3192858926030673,8.82005256866068,647.1829342786141,59.41864085306814,576.155867227108,4.0
0.8864547368029875,0.6741821545411699,9.095086677204057,9.893892380650936,414.8589533557402,561.4111721657804,547.1598585478145,4.0
0.5961304886434731,0.7966809737975953,5.474858825106933,3.2277808204363185,43.86943214304539,602.5054709150318,33.928031270612394,4.0
0.2283415725055641,0.6332045366600649,2.0277315363745654,2.8995870821210485,674.1463929325903,923.1978105906419,891.4416953830697,2.0
0.5823903387451275,0.15304255807444145,4.668800214936095,9.8771551988022,846.7786465991298,435.4103412386991,848.2512828325682,6.0
0.07122335753412623,0.22444295647985926,5.361837118662244,2.7567886248443596,57.06212629263907,491.1275421514498,504.54084709958624,1.0
0.5733621052152186,0.6833167519340936,9.834157864827258,2.1986419660774867,71.80301541556877,20.110180198577247,199.2126138433296,10.0
0.0131991555736668,0.7679576328732478,9.009185480320806,7.498112187277592,136.69280414872807,532.2440250550967,760.7195806752748,8.0
0.1576224804180012,0.3810635598659751,8.819168205389994,4.123325170536047,723.6922033941755,708.705307616852,340.4574183642287,2.0
0.9422793372631936,0.6822282550429659,0.8246940948879722,7.632002020272631,395.570799975411,319.6037103087469,589.5594361164783,10.0
0.6700953228757647,0.17688922791871065,4.256205169131838,6.861781809617245,706.1032550480395,49.17687966728757,71.52936019301836,7.0
0.01727614710342229,0.9128496692757176,6.811296836323466,2.2451211716968844,143.40899020711873,318.57887858929297,98.97145588370516,1.0
0.22177054937215496,0.3344747719125113,1.6953256613682819,5.443549943459739,926.5817952443408,124.33581754111808,639.3871419210477,8.0
0.3099049439766589,0.7588775716964107,9.913182725510401,3.0073683939616984,322.8611070781301,10.717153901441787,923.4260186700226,1.0
0.264937371376614,0.5867501999123228,8.833549556246878,7.336473320121628,250.0692160657748,813.1284408871652,990.2032474165874,4.0
0.2355967443066781,0.2863495695452247,7.068547324741914,8.485501903468096,46.77694857004799,605.7280421494254,381.4220408197828,8.0
0.9255149861153684,0.8776366918724877,7.122757953277644,7.494108768461329,923.3961195835724,967.4660336715532,253.63230019665616,9.0
0.08973507048268614,0.2690944919781234,9.647475612599537,9.267268072712657,123.60976407645508,684.3142921973796,884.2352893033328,2.0
0.08466135155722809,0.7880927167283388,2.365499514531084,0.3161004939798795,949.127678380454,511.76707264107193,837.0070750084201,8.0
0.8336240519537994,0.5276838837275245,5.196545490965004,6.383136498267892,608.1515092244474,480.22525732427636,249.56989469697484,3.0
0.07130660438276848,0.7292052501323432,0.5014623418680586,9.36195769003724,30.12154433611847,481.6404108119764,100.0579282508065,1.0
0.2900878210833557,0.055765987800967975,0.7052097927266565,2.5618627033102417,530.6901180104547,957.1990234367212,55.066944300112155,8.0
0.8182029632363033,0.9587893681671384,1.7139863047630588,7.977473426298479,98.81340424445084,953.1904899830026,312.73893140066787,6.0
0.12654033202494566,0.9405563653402188,5.968341204124831,9.463609332552632,46.57459212097882,126.27009055582272,601.3343322843563,4.0
0.7401408614819491,0.3356460040860362,2.5035752698180502,7.826100814411688,451.6523207317469,313.98252882030164,55.97744796487125,7.0
0.1813214845000813,0.6263029889434957,6.563908912326138,7.804443553238546,445.1615460149378,565.2271002885352,639.0881119805554,1.0
0.2283591769368465,0.16196697803317228,8.183397322965792,5.177415659945217,914.8902017008037,273.438051645014,178.59951909584493,1.0
0.9398813317719152,0.5821226150991436,1.3920826282264265,8.830870502760517,198.8576410813454,513.1820573845522,154.8450756728844,6.0
0.4038960968940598,0.32728352695353835,4.418799099726684,6.011870016612381,817.8196500738231,851.0133923117806,104.40660440162495,3.0
0.21459971164764424,0.07386935932400629,5.4261247128682815,1.972314154875108,500.1364673394989,510.1982855534768,268.10468960794447,7.0
0.056590128101731585,0.02559292639541766,8.765234970864572,2.1856054041650035,167.58378829662013,899.1118286021145,392.9224759602637,3.0
0.5270718339544169,0.7889351127157798,1.0545077679037829,0.015409096934901891,13.44914901984584,204.2496812529474,83.06944045254816,2.0
0.8276211148388966,0.9581802407900324,6.5330336582690975,5.7719409817981076,959.0517877461988,254.0341520092128,697.3120549928785,7.0
0.4308277739911722,0.2516049333462862,8.587114821864095,8.591353010163727,108.80176564668231,426.7063836416248,791.4632941102591,9.0
0.3779221162732471,0.08951308523749613,4.7951156975390585,9.284715279702237,770.0101648691392,874.7070045100345,191.7040752900037,6.0
0.04466251861456028,0.8605990889169403,7.304430971099008,3.03002806605154,904.2675381083928,254.46494595023728,812.4959638153701,4.0
0.9186884744144468,0.7592096943914296,5.710253175878134,2.7677111469606306,278.81122738452046,190.3226129284976,228.05494276911568,5.0
0.16508723561091676,0.17921908188954982,0.4556823844131153,2.8898451930846805,922.9257065816672,102.20904009188116,175.1598841703661,3.0
0.7107490170283581,0.8110516025196295,7.923581750093647,7.3387060932120445,370.14909653628763,47.82748321041785,723.0356340962828,6.0
0.10215414436690007,0.47514693967338795,2.3069224195065554,1.2676837506748395,21.03109141990056,902.7369556726123,408.9702177901654,10.0
0.2716617373583865,0.5853448903111592,6.500604065068201,4.28453704550111,307.2897717597868,781.3890326954834,914.239955580886,5.0
0.6377604204035605,0.3590854050982678,8.22396792649957,9.818221642348057,155.63233031808744,722.7821569639789,638.830546122352,5.0
0.7475771492597449,0.5575502762558662,6.903324141322549,7.2473277028574,451.64064882915545,983.9869854386093,522.6760906932401,6.0
0.4155813372945053,0.5695668403007368,1.5500898895311566,9.213423198338608,170.7446351710239,411.8350319620382,530.3731847183908,4.0
0.7545090475312646,0.4349706947719808,1.827408040869156,0.5998407500324088,9.406297669196984,770.4218336179837,928.439274458668,3.0
0.40896879592878255,0.1761916964106186,9.678505744712957,3.5787039836712853,498.9204297527272,567.3170990987692,87.88098178423797,10.0
0.3409432637303473,0.8603600046441281,4.9260403170125695,3.6439652197063257,528.813003913551,141.17123876884474,696.5912548034288,10.0
0.94175233464827,0.9947745568253438,3.9805059071148463,5.923002408262298,920.0912273519756,527.4068881723772,869.3089900140759,5.0
0.033200807790839004,0.5461289985580093,2.0676047941188638,6.4283542516725865,259.3985582103171,463.9505079317527,860.2565978941362,8.0
0.4787277649295392,0.6531549182975331,5.513012993837202,1.4070753090343413,117.63037704758291,129.0391499866407,924.0967862195292,4.0
0.2646884644124517,0.3169249615457345,8.773038608010642,4.729709622099778,663.1101819543752,734.4672404231047,42.8273806413586,6.0
0.3612045173930698,0.5084883481920927,4.081423937055929,5.4055844428869495,288.2702477714272,622.5278234523441,66.54899370556878,4.0
0.9322765119302108,0.1121845638246749,6.532662520603499,5.260334307271647,236.7973353026942,230.98291853255085,659.1385430639054,9.0
0.4017889073058971,0.6984203046059363,3.6786905829814174,6.431850544569793,955.9484677929164,592.864838912064,584.0659206429174,3.0
0.22751914185429234,0.06845078518171155,4.241032390819197,7.7106894481942865,126.07725032456995,854.4420564233784,374.14419146428014,10.0
0.4372089890433849,0.8509835281650635,8.605592681901816,7.888252820494287,988.9952513499296,977.6652827910806,91.50074955038325,10.0
0.4982822425368537,0.6773301051777219,8.362762618953871,4.378772522639253,223.3575124248404,752.9219608897833,955.948938376592,3.0
0.7660842120216714,0.37942839130801376,2.6769889861591567,6.3818934846113216,497.7050269268032,134.23059239376377,129.43834587371384,7.0
0.11218273340401587,0.6031724933060482,7.540377106884848,7.343462607824174,129.24797422606815,427.4997965961357,139.30494329031507,9.0
0.6207139720949963,0.8297776170144672,2.9551074207769346,4.8252195509779785,536.8274112385618,686.0525096353291,803.0697915287013,8.0
0.011206116634715824,0.9738244555082896,1.483780833385665,6.39969438954344,26.31097702795371,23.107507772168965,89.05638850259567,2.0
0.31678881200166176,0.9768832324966852,7.0393598940773625,2.3755192524764803,374.1833692525626,340.197112395284,389.8584043762036,6.0
0.3603687197716127,0.9465739705344788,1.7200534011448745,4.039583550383416,929.3831773369244,976.428998395182,128.82184476832316,4.0
0.14674821735276278,0.20744733876451105,0.6551235188504623,1.205263943415662,920.3950026669272,259.8632000446559,170.81404420627078,3.0
0.98035803392099,0.1309448822663265,5.3148227706600375,4.347052785625123,24.267178315676595,64.8806921010332,753.4888734603305,10.0
0.8958929322718318,0.6813574656092355,8.2640058193355,7.370045154050753,221.91477239629018,861.029702246026,170.91548223467234,8.0
0.09664661349973512,0.11688068097483716,5.785699995004041,7.919699289938787,683.8238068670985,87.39036838713055,102.72735195743721,3.0
0.19421462139568824,0.8168132818456272,4.809877700279243,8.707633532108527,454.322841427544,557.2701984113895,703.1733938748315,2.0
0.6832775015737109,0.6712884635803112,1.6831879951292061,2.4689024665204484,835.0971202807573,146.49212298651761,511.89356012165115,3.0
0.6207849719266885,0.6037717522397511,9.600446960951503,3.809792208085241,200.45362471533176,6.399304196490372,34.54518039922383,4.0
0.8857708070132019,0.03940292566433545,9.457311934123519,8.989329649905006,603.6509835555466,723.2303135695572,31.560073508245072,5.0
0.5434038594297975,0.2208856707145269,8.718853389247364,2.48512366291076,380.04094465056687,43.281159058690456,626.4853260927348,4.0
0.8043526773266999,0.8510853414368281,1.3151784087775742,9.647729965614444,16.971096672394047,992.9649257418788,283.6375173488811,9.0
0.5731212717646882,0.3985613864216975,7.253851776915598,3.4309576187090074,754.4869341733522,223.60457927228927,993.5870886800352,7.0
0.2352990905891339,0.9379947022734602,6.592005150882679,6.0475873050114775,47.61809399402917,275.60674884000997,799.0458697501355,5.0
0.3758563649419245,0.4884253673366181,4.65656623486259,2.5960740872772914,597.2228194235834,734.524497299395,710.8588959223979,2.0
0.15485083781319142,0.8626616568193406,9.079135458334054,5.24965077889407,16.753946359894574,678.8718096453184,459.9072870231557,4.0
0.05962481770947259,0.18334303009770514,3.6676100916283296,6.649680185851662,875.226122249937,86.05903163861439,360.7018630756768,3.0
0.5177662043229054,0.6616143626871482,4.696208509307546,7.673384240054128,172.1232707055005,207.68059267297332,366.07633841885286,8.0
0.8039456882491591,0.4722076590967501,0.004814978565453876,5.430229676928494,566.5917573297709,71.83981496651614,928.5799493517096,10.0
0.8327351791166028,0.9170515922264384,9.57111659547332,3.975951864285293,464.968597713742,862.1263250436083,98.5474535649805,2.0
0.03824605674500714,0.7837698586353531,8.728472933319267,4.6275896265632115,120.2078563298039,787.3817432462391,999.9838077101676,7.0
0.7046717532668169,0.9327450434869012,8.891070962964728,6.812619646246746,169.8140381080679,190.35886771559154,860.9490359544315,7.0
0.6704462622049264,0.8387649725114197,9.59924632625999,4.218399354504172,860.4665290265536,742.7771203265718,190.71657503067658,2.0
0.4208208228855715,0.6082549432958148,0.9932506783966232,7.222621407728268,597.4043885516252,285.37642597347343,608.8327061288276,6.0
0.7977908454685091,0.7925738018397351,9.56330479738801,8.571378780620877,940.8996165360874,595.9254184835019,953.1658163533114,7.0
0.7548003782036632,0.11954238234620584,2.427163687321283,8.800582086873149,49.56329945114213,656.0269205206077,316.10325115567787,8.0
0.748966752786535,0.491627343149839,3.608394418518852,3.787762362489735,313.3366464275644,12.613916142215633,291.87345161055845,3.0
0.5870755588834771,0.5536821767967518,7.85691523412417,6.627864226238175,240.0936305714129,659.7592850432884,849.8115126644401,1.0
0.4568704390761086,0.3714382692093065,9.833931589439617,9.878849806767207,529.5373837568515,978.042820921364,559.0580019701331,8.0
0.8563743495847991,0.20183598358691912,7.5772388671490205,4.8804807747894765,542.2074867398577,652.625263290056,312.1440438567081,4.0
0.2350640434074773,0.6574906083487779,1.8864131462431577,0.9778460448977622,640.5962106062208,587.2625145514296,981.7081408497417,7.0
0.12359443223915124,0.6197578531565898,3.0628301726069065,5.827629405984397,864.9751762121292,162.08226913084127,524.9189307795883,9.0
0.9321169862835492,0.2123660918235004,1.7503898489698155,7.253641498323658,51.23694609325448,875.406297932791,617.4043282068677,4.0
0.9351610196800488,0.34976555020586403,7.415622589625489,3.9224859816318336,109.54469099991049,98.65263220668741,758.8502289191588,10.0
0.32032231007285394,0.5143558241223998,9.559114707561973,3.1290213871077666,738.5384626994313,978.292007079888,81.02967640375671,10.0
0.5225671504622174,0.6124197442629781,6.039119428774423,8.337525649888107,348.12745374096613,246.83331838549583,126.24027869335094,9.0
0.4396270686727263,0.3445954572853599,5.906531265098917,8.257524649511813,144.0946412813534,856.9934339331774,140.92465125186038,1.0
0.19019323070927907,0.2607801407949365,4.2033065873494175,5.011592644368289,248.50399756569985,493.1342880168599,528.6472674904695,8.0
0.5497665940609017,0.7408493828797944,6.446587381030319,2.976880975034293,249.57826735447262,857.1476409533702,723.9759871479778,2.0
0.02998245832491875,0.6922542006450333,8.788289313757199,9.395906509819175,956.4990120710139,592.165912991061,194.12799334173678,9.0
0.6967065647541235,0.8660425383424297,0.09062606258830044,8.96060665373389,697.9662174745192,150.95213185254863,940.2918808171612,2.0
0.9482593918009512,0.26673572637670084,5.710400287898109,3.861282964070924,16.487994567230935,240.8171308942964,698.3837959025748,9.0
0.6248976937926302,0.8092710079934358,8.02075816692793,3.868903024226518,204.911175580336,592.940018572487,263.91009791935414,1.0
0.4889523476953356,0.6180639000653121,1.0312507896494127,3.6970200117235335,708.5447956355539,723.5223462102517,950.9801016412712,6.0
0.8414632238037766,0.3033661916936591,1.852187539097644,9.426334490911994,540.0249652228464,118.804651676398,325.61463770490934,3.0
0.2618895306128061,0.9897975147654896,3.598951397387925,5.435673776041668,601.0075740830324,833.9097269449544,441.75773450731225,4.0
0.20429550803405616,0.9172269059692312,7.222329004373178,9.58104645553233,165.86677499163162,524.577825023042,217.32296440628414,4.0
0.5986278902614253,0.18348822043803506,1.6789330500152622,7.475727851747721,884.2150641627942,725.0747846536482,154.67879732499682,6.0
0.44821742806246856,0.5427933029483137,1.1979469161082756,9.75225569805741,659.1778149585836,159.30648039505957,789.302201448755,2.0
0.6138640094114054,0.2075105353841603,8.405508765621644,8.498517472669459,82.89712907244295,726.307218859053,587.3039414083821,4.0
0.9057854623740024,0.3975016463342603,2.3851639246096026,7.679293426556832,374.70650148931503,864.0752094368646,885.1825293839114,5.0
0.4486422404257622,0.3340793453100073,8.033619341235328,3.4619162038251208,874.3553320004636,700.0817206719445,986.9104480150708,2.0
0.15997995085278738,0.06866080032514121,2.756651041298095,0.8247920109169726,273.94682904932154,483.3634694371489,269.7953394500385,3.0
0.20967890646551746,0.10263488501622152,6.031370666090579,6.396281171640202,345.48998734865,455.74893120296036,564.9251130798508,9.0
0.4630830963882217,0.1921846275618216,1.7923737084649782,0.12468146069219532,621.9146181750591,721.6985852689235,490.9045447016774,6.0
0.0346046579863879,0.5775361765985488,9.37022188362218,1.4397138986351832,226.7418786423821,759.1206597946083,45.69439176919421,3.0
0.06636702189244957,0.7115686048075579,8.832103724829812,5.836580762839148,264.9515186481148,184.58920166990555,134.63052252540578,9.0
0.7962701786751192,0.8027690905745721,9.536682168318762,7.837439438705474,834.4389049479131,110.3233604106294,127.68453875140685,5.0
0.08951091648810272,0.051670144374284084,1.3652031848865154,6.854710301526723,24.13529855238461,39.79095888624529,737.715239312327,2.0
0.6607701545231467,0.04300828697666858,2.028229586032173,9.084617787233984,236.42746996159042,464.0211707565697,849.8204364568013,3.0
0.3023126758402691,0.2526471598829041,6.914719963167392,2.38462276098066,528.8239192269136,538.2408459056103,352.18594393828107,8.0
0.8400462076332393,0.9410125558807004,7.624420838541517,8.978225628536212,19.68244379058504,656.369226422279,970.4621845146128,8.0
0.44916292568023897,0.4682524459154971,7.906906116262473,0.7115219251640448,835.1121487915422,206.5443529265667,783.4434861178778,7.0
0.8779465992574472,0.8646978165086235,2.312006951885309,1.5873698153578395,965.8395520159296,453.4970967830314,164.15275541779403,10.0
0.7908316800887293,0.08626395179321023,9.44498962532039,8.408740446053459,483.67587372419854,750.8558394243022,786.7496078396663,7.0
0.05478440796724282,0.5505566720477003,2.343542251123311,9.2373517938013,144.91232735201663,489.97815590030433,159.29431866899643,1.0
0.1645253144675788,0.6644990524910721,8.327142591213827,7.511555258233413,660.9546279022622,668.1176782647914,1.6209082679794484,3.0
0.5530000746481747,0.6948653310072274,8.064851286389612,4.8720940612103245,884.4618020344262,867.1346111429663,335.44078984358674,4.0
0.8059705213330249,0.2935906390854244,7.733384498319862,5.206527378242954,392.6642470457911,141.21867289027256,71.6194274390799,3.0
0.5033479255907803,0.10212042071400997,3.1562696085311264,5.970111934909152,238.35226764938457,538.7229563409279,312.2570354473126,5.0
0.3690064809910165,0.6278622345203922,1.7403978236236959,5.281247739409668,822.4631306454477,570.873889910745,79.86904415736174,9.0
0.27696330778709355,0.9476476737596784,9.497287173384024,2.92535011042328,234.17441830387443,642.9470417271721,894.3603438530744,3.0
0.13455905642744714,0.07759650845136246,8.11559077082216,0.853581475169416,992.6301511394272,202.60381779155293,831.0768501978023,3.0
0.9595872211796312,0.8095173770337386,7.641242669900732,0.03675320970885965,9.489572700782102,309.5169691511993,112.07378705239971,7.0
0.4397909413131078,0.6622591448487162,9.928174319414259,9.672184160391764,25.418656315365663,994.4232564129021,391.76012930911673,6.0
0.9614749290890946,0.27311329707730825,1.5099877027202424,1.7432369628347455,202.0191542710905,526.7177097984888,25.56744830090252,9.0
0.6529773663111392,0.554969405031801,9.059870944473738,4.804811865308047,331.6464303156014,424.93779517426316,478.1562119004346,1.0
0.7826060841203953,0.17576716716538532,5.867808084824432,8.137796651110135,435.5923132348058,232.88675647290347,821.9540191238804,5.0
0.9477645809391008,0.3623469552243155,0.2270070430852611,6.374376794465481,655.5553038895113,857.3503618611082,565.4232234642673,6.0
0.6855495650260096,0.3915308420352068,7.308524621164,2.714641239289878,352.54159959583075,41.73431747618073,489.35288552126195,3.0
0.7214906719006192,0.3025261193333885,7.186384338710276,6.877558836416457,154.62194952142704,488.603980250131,642.8312534551854,7.0
0.015335005150203031,0.30604934208569035,1.8833269290199768,2.124643145525812,496.704296070786,773.3660509317513,588.5063044084726,2.0
0.8885870364069086,0.8244575928815967,1.86285481814065,3.5818850292806363,962.6242429171707,780.203574626752,783.1396789913443,10.0
0.18128965441678324,0.9640236301372372,2.8587143108601376,6.651317750629275,282.8946214527733,765.2010446764477,23.17668566363807,2.0
0.7130742971904879,0.9377714931718548,3.8721617812303455,8.492821113368482,348.50611783075544,271.01141545900435,405.16769850642686,5.0
0.3777945028127001,0.06862249886716287,3.766973635677808,3.5000941429465566,970.9889770237069,946.2986549825577,258.7786994308151,7.0
0.7238604753266853,0.7904470999735216,8.09147596507266,3.795164048724353,889.7063531510379,242.4768875487793,896.3413647415863,9.0
0.8891143028675371,0.024082324065526683,0.046655619537946384,7.474858157139252,877.2797353267896,341.48304211033434,153.49017648811338,1.0
0.3283725342811984,0.9650103174892288,6.1134138344130875,8.79231685645015,355.51967956705437,48.84868274865739,994.294487590067,10.0
0.3072528580916055,0.49021951621850496,4.259307178404479,0.11387890965527725,460.9070129362751,297.4233386794926,603.6045836825507,1.0
0.5528832405829658,0.2336749512402317,6.531535122452477,7.849015886864832,327.5603865542692,151.6311097379853,32.58925471608421,3.0
0.20903474832747093,0.16249504650049118,8.781769958881151,0.5550078009217974,941.7259218824272,231.2245332360204,5.0153203663440005,9.0
0.3811931890719762,0.6181841043411109,4.730152113243986,8.751169211124035,445.8052643381243,820.6582267809605,91.24414735402209,9.0
0.2740167580052797,0.3388403861520105,8.623487927925549,9.991298213377755,824.5890959905133,774.118753907711,894.6393538680287,2.0
0.8473039521966478,0.02421728429302928,0.9856223514184972,5.286454765723269,836.7807458125985,562.9862750710014,453.1644038636615,8.0
0.2880845432587563,0.3024510139428517,0.7723197110525093,8.887009326495374,59.88980528782384,830.2089510894609,967.8891233796228,5.0
0.7203872366855706,0.1695111435863692,6.576154920655277,8.225314484448871,992.381123695026,904.320482939895,61.084229321136114,3.0
0.7027798503403699,0.018071829007728413,2.101750067293932,7.675668716876646,494.6576063060879,77.87974094626026,89.82851422384017,6.0
0.940219452246431,0.8686978283556838,7.113075794776992,1.505772806186466,724.9037447373427,578.495974216242,793.0195294596061,8.0
0.1590411227203573,0.8563822755275988,4.984525233934773,3.4934546737018124,802.6696693696922,159.48903483463494,287.8068302329715,5.0
0.5191833253239635,0.19955703960793336,2.5467423244407925,4.551999482496002,117.092119347576,293.3273003767188,461.4402314354232,5.0
0.22688236266125306,0.003986892570133405,0.31051852008726066,6.057414497221229,581.9345623544525,863.6111292140483,21.366083359495526,2.0
0.9135620284189528,0.8911822797293057,8.438538521655657,3.4762241533288405,561.8011775133925,299.2167918004702,159.14595958946444,1.0
0.8950251212219154,0.7030349175641402,5.2250079179839855,4.872869480614853,782.4799875171768,404.9845182887108,63.195074815674886,2.0
0.7094832550327687,0.20906026408783995,9.840558677150524,4.671924096997978,166.3312342525811,25.94891804400689,19.694529185417245,1.0
0.011509969154543607,0.2439490284945129,0.03395096743587511,0.6694854665794336,990.0536842376686,601.2324040409976,279.6883545057295,1.0
0.049798159143818466,0.7205490811890529,7.894568579549795,4.573301677062559,125.23629001848646,854.1690458881334,640.9416375322554,4.0
0.07496704497320017,0.17723395669381706,5.065055920055843,0.8065072823835107,672.2823559714247,958.789746372968,401.60198557541196,4.0
0.5177559896588783,0.5002074030208237,6.180876158572447,1.2231300151399316,196.7334487219251,394.69287904843344,622.2859134313878,5.0
0.3031568360369973,0.9160875549498714,9.969401698645793,6.963479989066935,958.2017755495067,258.3945861102857,953.9399888355664,2.0
0.2997190788814279,0.13885128054879092,2.4845360536446384,3.3161471362285604,221.07056333395025,760.949573792025,141.6678754957934,8.0
0.7224696789031114,0.4698519894954362,6.897769465534188,0.7371113496305592,316.5756112831894,866.8219910418451,636.2387841857702,1.0
0.766503989640522,0.143068343941945,8.482148346573187,8.114785455023291,882.6681588060002,377.38250132282593,349.1474842001052,10.0
0.8646283785835973,0.5225443864106281,3.3091947214267203,0.91780594057998,770.05981999155,779.1419243123278,791.9323001178285,1.0
0.7243815054460583,0.5919569865318596,7.580585211636847,1.28444948005645,668.7842810569492,765.4350452478677,53.54865434038182,6.0
0.3219287493492033,0.6714747660301738,5.002874979776598,6.852228474675528,113.86512891030253,137.6191163985663,40.626383117657866,8.0
0.13551715961516575,0.5370519829949134,1.840361998248544,6.901580335501416,89.64876660973242,276.83898367447404,530.9039591864006,9.0
0.15986075462622407,0.5031524322635164,1.217081609848294,7.054732235146402,924.5758830586948,186.40407487624898,263.18518166842176,8.0
0.7350531153431943,0.4986366171328094,8.325205031229363,5.599865947075216,205.64794901232145,688.7867053510935,149.65190912980054,3.0
0.42728159779937,0.5497906576786209,0.18993711073641886,2.3390044141195543,467.2848303751307,444.07103358437234,625.3327906076257,2.0
0.5592168813659766,0.2514001740215648,4.5972868578074815,0.9072277232680759,959.6324469575256,671.094919314634,764.2711596471637,6.0
0.7053108650369939,0.486852366621584,9.586538405350623,0.1412740518437161,282.2062439648312,948.2794223452548,839.1641350388118,6.0
0.7657285148118409,0.24980987814193345,5.685576380299735,9.961897192851444,239.30798418547303,156.55278301898375,408.54480259133203,8.0
0.09692774323263108,0.16199250817435284,8.780592474785573,7.212043403698846,354.0920553340184,116.53652377925184,902.6512779316374,8.0
0.016269872101024374,0.579356059130281,7.559242884230348,1.077749998626606,528.3218521654736,317.67081577342634,262.89129223382525,4.0
0.0774700399451943,0.15859614984810444,0.5677482419551327,1.7850195900231347,632.5966733025932,9.872450972147394,464.86339267503337,2.0
0.3281273631202969,0.3647755242084373,6.397204346413795,0.06582639403994173,46.97496380933686,101.42270432968724,199.33312645056682,2.0
0.003976300616161721,0.2983417571673541,7.862359327858157,5.4951223377950615,904.4012910648584,125.29774371437664,867.728544356999,10.0
0.40041027466896895,0.7025438821086466,0.9755715595448956,8.426487304760307,225.12916967033524,549.0626103415691,466.62118761309324,7.0
0.29764190555718306,0.7407169085005768,2.215165519825103,3.677954153396173,464.9945514217775,202.2876824662356,417.35707373804047,2.0
0.5715176756694496,0.9059952110125284,2.592496677311588,7.909314267667407,693.7806002595578,665.1760345892105,899.8889840916955,9.0
0.9484456897901266,0.8902040031577173,5.936049212400024,6.32526917179759,222.7977511157141,971.8904036907496,460.5204907218498,10.0
0.9819290397974956,0.3893202452990221,6.235196048265477,4.843587179365281,835.0868377529788,351.11591351505575,222.00617357650543,5.0
0.6899604312815514,0.1256189260994377,0.9849726380842994,1.096697771548495,773.8079068627999,817.2253530911119,236.9828305515352,2.0
0.9559851344821658,0.14910432306570687,4.184533316713724,0.2386335418556185,258.0047922094888,884.8906619575441,15.922832451225945,9.0
0.6502212511060884,0.8163931824851517,3.5033787616246927,9.390657161044514,24.267672676654854,815.6340621989052,979.3595209508743,10.0
0.9980750183700848,0.5447566180726758,4.598331466059263,7.639829236541059,95.90714317333038,722.6969611052397,451.50314101622916,6.0
0.9200073006875672,0.02047208482592511,5.712279394648934,9.27640018456182,142.77479604454203,359.56962862445414,87.07042443271084,3.0
0.1976723456774244,0.3363770531250065,4.504672397270685,4.322547301760601,656.6236508716503,75.68280685282814,355.7797719996942,9.0
0.4642612060677669,0.6571176816708643,3.395524147282459,9.958091054952687,308.0744391673732,799.2033713526573,46.182817917567064,2.0
0.5452802348775607,0.07842992912019686,5.854987515525787,8.266866368088866,600.148251279672,13.177910821146831,825.4653722423798,10.0
0.4037613991206769,0.7106531184486492,0.8524079058134648,6.360478045292195,991.4532306675557,514.9742629552323,502.7667091331692,7.0
0.5855101576600997,0.584240093254894,8.501669587087783,1.0600434074506604,266.24159114211375,205.69830119759843,11.074741107874539,2.0
0.3892448645472818,0.7002474187599903,6.428043637375772,2.6566510627841424,149.74783350892872,888.9472407179032,983.5283947703052,10.0
0.06481492649323972,0.5305099901896849,1.6946513654098272,7.257686624881077,896.6928063667143,962.7311161279623,101.86878525528178,6.0
0.649219111356146,0.16489194428513088,6.793920494233526,3.847050699705688,898.9894631001806,916.722958670994,991.418363095393,5.0
0.8264341517572785,0.2792459345258921,0.9929746963551932,8.672029946888014,161.6652680937793,756.7543773931437,273.34172010053106,7.0
0.6945336110253325,0.2397753542676784,9.748014033833623,0.6053125480278576,800.8709360039256,343.01819001864516,760.5155056010844,10.0
0.2603105390546192,0.05613355694389977,4.02844236427954,2.5351087220807402,386.874372235866,415.434681347108,74.79040595692865,4.0
0.03187707338648349,0.9643121953008292,2.6820312597518416,4.953271914728451,665.4687696803658,975.9370128297943,511.0209683832898,1.0
0.7622590295258022,0.5065577519412571,1.6582665197820157,1.8275312470031049,91.81292430719836,838.4668437716953,635.6822611401467,1.0
0.16309318804733364,0.9027909724522908,3.792573243943655,2.5706759447658607,368.84890309617913,947.7861810729512,236.818392568606,5.0
0.7893721718845832,0.2358858963782409,5.515470052584761,5.65598637467447,84.61324056714692,477.2591798201548,455.04866939559713,1.0
0.8464698477716535,0.4049939108849047,2.5194783240135687,1.7652834436345757,272.715146554059,339.6307744744845,873.4940678810298,7.0
0.4247746334330384,0.4267627950587024,3.6458597718323453,4.333235476397643,772.81345987125,31.188821681400363,70.22744960003912,1.0
0.8601656973896552,0.8477217297221461,3.3436532397929586,9.011839784927618,501.61012145379516,227.00697699523118,368.06759145005793,4.0
0.8802120406004263,0.7598427360635458,5.290698283802339,1.2406172729260567,654.699961338958,910.1938908432872,693.111593990295,10.0
0.1506839465523253,0.6067486457487186,8.117778576178834,4.521279212011222,249.8005894459684,629.9312792365117,441.2778059602293,7.0
0.2285537198651121,0.562693936711292,4.89939405803291,3.396022805728421,310.9108941385031,404.7902384709535,990.9575704717427,7.0
0.15650512336366806,0.07025715926485843,5.573810871699445,3.7389678339951264,755.4872672589488,72.47408603518701,17.877689163357637,4.0
0.4944491546727516,0.2727205186484163,5.695116052689869,4.763503808902706,328.73045974779524,18.190572985637864,704.439617229428,3.0
0.048483531754944915,0.8298683655886359,2.8579654893885964,3.147290998563369,504.26221153411376,730.3640310656166,36.73691853549544,4.0
0.34044954529920035,0.13209054970696998,6.411064078208447,2.616674261505094,916.0078886589934,128.0995379869785,572.546843207955,10.0
0.9833905053367096,0.6040380583608778,6.5827181927876195,2.904078660363,19.265655304425145,458.4927512729521,750.6013633458888,9.0
0.4319280966737515,0.3114291978578738,2.279156614543697,1.8767610376203336,778.7758560004579,575.2007749869591,309.27826467965536,9.0
0.09417387329944936,0.5339433487962821,9.63275432901076,8.740506118526797,119.66425385655278,957.5665704206253,639.5327108904662,1.0
0.2073303161651554,0.5574564960947369,1.5513960467800192,2.153498907344765,49.52344245561713,232.8105013982426,413.1217301740983,5.0
0.9138891862939263,0.8293862960475122,8.939536550060742,7.707847581677928,507.871337717693,721.3854009638513,983.7800528463457,10.0
0.017716696303224474,0.2559524198910765,5.196722425803215,7.469831423547268,56.12055152913242,20.13967380566539,854.2714767398887,4.0
0.4040989839283201,0.2116795498810804,7.589234314990024,8.458919513406178,95.93190500952576,592.7979643473739,62.84807814660142,10.0
0.42793569282555055,0.6103408333954621,6.108819492499403,0.3534713322636873,485.0931097544747,225.81092084908283,487.6719102055108,3.0
0.7283464473836961,0.30602395350494593,9.65301470886031,5.911906393261753,567.9651455283175,249.10357329703686,47.24320244672864,7.0
0.9363144249696754,0.4777227526326779,9.790706883867504,0.5441348456161188,783.3632314245465,324.995953096117,862.5939158538401,2.0
0.4335773891119519,0.8305795182158159,3.1920682921564025,6.863949743254335,472.6869081170655,920.0629063511535,63.052243585662424,10.0
0.4530172335939705,0.10868048087935024,4.247937250447463,8.761768398851075,820.6160410014453,639.1553253941148,531.2115834243518,5.0
0.08203949973641322,0.9850682852859132,8.87204944145639,8.919479244279323,582.1055997077907,240.3348122063921,45.19002192919508,10.0
0.5978798557622935,0.4432574125512607,8.284148451423349,2.897294857212117,264.0480627310606,836.978072015526,445.32151353431726,1.0
0.041951498508628886,0.9998217179551454,5.044119391318217,4.614594488510554,274.0133057134887,156.20909113434618,873.8173473658867,8.0
0.1785435459378618,0.1815117021873968,8.438625511896692,9.842545064854466,20.937762598998045,608.5176038391493,11.897106504929926,8.0
0.2411235814631194,0.860001350667626,0.9203126703565401,0.9069380545545136,394.04978831686896,571.4781700775334,47.03158097559946,8.0
0.14683662678065768,0.13956124005745096,7.652998050497832,1.145080768559551,832.7172463963541,645.7327892436385,32.32690401725391,4.0
0.8707308696437592,0.39426257307449103,5.349638343316265,2.2191035432170003,208.1285584447396,882.4258276476476,86.78120668448986,3.0
0.7873733838861625,0.3345788133448242,9.01198110675721,5.579042978154787,109.2138619130385,272.3260256938538,189.53518005227787,6.0
0.4824372416192363,0.8537256182434223,5.1023825554419275,3.9644073434894715,122.26481623937102,31.813850900826,877.3110009099357,7.0
0.4984294527003295,0.34062793360110305,6.3343154535465285,4.5136753737854365,617.6694741675168,664.5168671801108,238.9909866752876,4.0
0.14613132363326253,0.8485492061244159,5.424074182665988,4.9180446512287626,74.92419300698215,614.1792729882918,260.5278450290076,6.0
0.17278495653266046,0.5854496498066987,8.701063238604599,2.9887267978994174,48.55406206562185,884.2071535787704,717.7992290153193,2.0
0.8208628207753087,0.08153262646173454,4.71863304774215,4.67605990801942,165.50114331321276,200.38914802787733,434.5463362028106,6.0
0.7002167721425601,0.9861269462353196,8.889939395982571,8.218740414276008,985.8318238441707,628.48819806067,830.3607932208521,3.0
0.2443488410704449,0.2438008918164121,8.98443006624132,5.0309882750491655,161.20173791554345,452.8561444955915,19.00945283061106,4.0
0.9551960012715718,0.018257787215907317,5.830282833795277,6.832742759671509,467.1131754354868,294.16590450378163,283.6407287089503,3.0
0.8783670897631791,0.8540002842353708,8.015223238719148,6.69199498344708,455.57406033618935,291.1609090329531,827.4916508897135,3.0
0.6628264731802211,0.3085342209868265,7.9952783705303965,8.376526634938694,942.2024328636038,674.3174571720451,969.1772801195289,1.0
0.9534435632438216,0.3796126604294333,6.151621909661263,9.723559745188783,891.840514407017,52.36303815810239,209.98855073047585,6.0
0.08846916611364564,0.7788590099721794,7.470534803364237,3.8630844817743135,74.33455034428637,522.1248588336407,165.68718340237697,4.0
0.6781650401817314,0.010438776541619177,4.286864198411797,4.550068785618539,141.3536771212014,890.3953990299539,643.6252450200343,7.0
0.4850787196764459,0.5516938876059971,4.888134478659135,8.74220322968096,781.0289179841687,722.5079974224893,394.4784376583997,9.0
0.5328061125629749,0.04597749347763469,4.963469187686601,5.975243163732491,654.0731798672846,530.6016779253076,41.46247658094615,1.0
0.9286961395652086,0.939363683910824,6.907419755294901,6.314665622262052,230.06286159993672,68.08959499163191,500.87007527690736,5.0
0.644253129495114,0.7083486108213709,1.9343200682424864,9.439282760081124,270.9855716230776,426.45024787105143,414.2765466803222,6.0
0.9795978867600704,0.7401293779115489,1.089245258518583,9.926785102341515,565.7094746312939,546.4975899858371,794.4669278385809,9.0
0.7758778184245768,0.998660879670583,1.2556841300023902,4.2560682450849106,611.1238848826316,407.491275820074,254.83612512934886,3.0
0.29205754899877057,0.6532912877179624,9.338864551458595,7.255062103187733,370.4610751868135,591.6636107928961,2.329375710248605,6.0
0.5944043653692522,0.2007255467994669,6.670727596448669,1.91429335668593,380.85562135675536,67.28141129613697,759.5003619315773,9.0
0.642929755970419,0.6198020934454649,7.730069024720478,3.8991059410788376,954.3932475008447,935.8442766631372,888.7485775247176,2.0
0.4127219724278931,0.5489876727181087,3.0578767446923694,1.6496720774439644,910.9862763912593,587.0581700346818,470.34992336404616,3.0
0.4548476385909216,0.6977613783001491,3.585244849588415,7.058543835926063,950.7993038454216,201.23787934928131,113.43273840796742,9.0
0.5177383480923458,0.4623842945000191,4.6777382155163005,4.925788402460089,193.43715394726692,786.0812044874414,362.2213288699282,6.0
0.7779815887407818,0.6637025258122191,4.406041779191716,4.456564528144625,221.4898486617404,60.3671698151923,101.83355628811363,8.0
0.833697316485876,0.09325403258195576,2.114333899187697,8.304206780429293,866.036362438805,151.61239834763242,831.696753778495,10.0
0.7168257590033031,0.08537950336886735,9.373973854892947,5.01863103907561,124.6041498247945,479.84977826767476,641.1198672342749,5.0
0.8231585524581095,0.2326012471872583,1.299072899827498,4.27953463033251,267.5355261917018,244.2492444168232,575.4658540641527,10.0
0.6456180144331571,0.388499603054285,2.6708920011603694,0.9711841879803196,10.982044004549381,462.2380983887271,953.412384313893,7.0
0.3631607033803321,0.4787420367851173,9.551449365949873,1.163096302201242,103.58235944887319,802.9567215690132,322.775922189174,9.0
0.11775946911951972,0.9794369611460259,1.075189148141077,5.1089639838945295,518.7570968086865,75.88784752552569,235.01769696140119,3.0
0.2474989023770177,0.583718442443567,8.302651271611786,2.5830589760865608,656.6578788508941,789.1754724747608,998.8299041398973,5.0
0.0011517143032184762,0.28408644572288155,6.704258935492878,1.1807514934737096,250.47164320012402,623.5629118095337,263.37558820443166,4.0
0.7142770904299559,0.10443629132040366,1.6195354955521624,9.084231494373027,504.3612475571186,944.2461455598241,199.2957259507888,4.0
0.8776549427944925,0.3853682396995912,7.873329816012284,2.7881062497471754,196.87098036631195,429.2984728286077,72.90451474230963,1.0
0.2842927048613713,0.7325482656912887,6.611934741393883,8.748542047288186,943.3293920898047,962.8979346897768,297.60654562047563,7.0
0.14185914963077062,0.3886094647914837,0.4918943000951104,8.351534424736005,82.44636343722922,557.2753728525397,530.6421459622092,10.0
0.3606328140572152,0.3542490535926366,0.6879681744683241,7.537073938778128,258.9157493757647,313.1891780129352,392.3757210986956,2.0
0.15532150329278793,0.13130171788043354,8.176633298266687,8.953524826846518,31.70040103221139,25.76664540854456,199.66607836858452,2.0
0.7930666258173397,0.4042697442575687,5.848578292498761,0.3768619967124376,269.48602648706355,384.3227292492424,989.8650402128744,1.0
0.2780621358527704,0.5418302662625134,1.7976836541110064,1.5552882433462345,904.0041827283086,465.2294804805399,188.75972235218273,9.0
0.9026286903465052,0.4249412333893681,0.08862278608219865,1.1418320597673592,628.536328231182,719.4132716987358,320.66378353584645,1.0
0.5506976096257721,0.1814031427573716,2.08669334619332,0.2803415088866845,788.8146172714555,267.20267771813843,222.6186294533757,9.0
0.6229508400563221,0.7238173533972921,3.3179007919789925,4.40274951060873,250.09521148621414,360.29074645144266,321.2795582029775,1.0
0.1684507555000727,0.4926186480794138,7.823240751019981,2.249180941356407,475.8476089179312,322.2251069552226,967.2339968989256,2.0
0.4199586862093157,0.4857993303045991,4.152905339780332,8.12625445490687,921.656716159187,770.08445714698,594.2163048255836,1.0
0.6891678935295468,0.3890112918842814,8.607652878659554,5.776195088688962,264.12773670130383,732.7489560564774,591.5973657546625,1.0
0.5041657843176549,0.4924017731331387,1.2445950580259812,6.777013143917812,322.4648879693218,686.0970128274568,38.77608444708092,3.0
0.7813427596469386,0.8210290675306154,3.2780687002362296,0.7749023080982521,775.256283130932,913.0453477907784,974.8307414977754,3.0
0.6261189769713675,0.7163722450214249,0.2652031280304501,9.958460783997396,230.59910322984013,383.25001693174454,497.78696947014487,3.0
0.7503624110191305,0.6938402834108599,5.783496363419896,8.782008538029295,176.1230525331913,970.1909584990456,766.3638425670306,9.0
0.8733165337810634,0.0711632861606023,1.1048278300594752,6.871626776126897,872.1900174178145,562.6991265569837,133.33195453379244,8.0
0.1963270474722295,0.3485209628849251,3.6245387035296206,2.843301210001252,261.0897841163384,767.672903035924,394.3398115076042,8.0
0.3517423819595339,0.5838862660862328,5.246275278338058,7.476304827166317,323.80460361824294,2.9867421646486703,853.4357355032773,7.0
0.3192762506810584,0.188028837867808,4.542608684895359,6.559649394996438,103.93269482088543,149.2964924940968,519.020568615195,9.0
0.9227101566141532,0.3100111683721952,1.4550703363507356,7.531848607418794,781.8040022515721,382.56789328706293,830.4525824585651,3.0
0.5369470111829711,0.6224348139296351,0.7123459272366051,2.409427362889564,508.0905581371272,274.2041428048626,491.005363652129,3.0
0.777090498995241,0.6666537156298888,1.8374571966852915,1.9337261804389128,52.44091298975385,469.62871816368215,360.11204602796187,8.0
0.2335303592758491,0.960860494877076,5.267951569684889,7.048006101396218,69.63142726070504,601.9477750452384,747.5656714439905,7.0
0.12704293881934214,0.5110602347345902,6.4069359091425895,7.052291183275165,274.4471350210641,941.9474682286017,112.91670297281307,9.0
0.7832213215044336,0.9593272562525016,2.39218970893445,3.9481950258881806,667.2487587409253,502.5677441015799,910.6289572860378,5.0
0.9037282406701328,0.5668673450217288,2.454724426745681,3.3049617404029115,751.9957350359332,222.21592896710843,81.39814594716765,1.0
0.9860957237237242,0.038525516770076096,4.814845045751014,1.7553420626822702,617.8410724931058,786.8215242724423,214.3605713267429,5.0
0.7748311139431757,0.39967365787600695,0.4710124171994701,5.633271064456036,442.96464147851515,897.2090367306827,187.339634849964,3.0
0.4461436039431703,0.8518336239257689,5.083420559175453,7.519266414134482,395.6297132285516,475.9656430680702,505.0663185020382,3.0
0.44801670178098507,0.4402412379571392,4.2544122274505165,3.3582757560518752,184.66258218931696,75.84646241146575,236.9526585515408,8.0
0.7648242103379735,0.3181733104863228,2.578765724172923,0.2000280474535044,867.4650199453872,669.7008743568019,496.19381293083313,5.0
0.3168793000840849,0.6031694964936924,8.732112355205112,4.272759139781012,23.719256036925373,123.44240065392596,465.9173380908934,5.0
0.1442719468600847,0.5381726173029453,7.114139692742598,9.607583473662416,108.50660357159336,225.2360739766225,921.8627530203528,1.0
0.9880678219017752,0.15682059472326493,6.636707143529506,4.248321605720112,12.364178333796772,365.58783433427635,302.05220508569414,4.0
0.7492535849826956,0.7981775898823829,8.363729323759356,0.3922974693129155,587.399090013608,629.7876487208737,965.4955203988268,10.0
0.8007099955005106,0.17053422251379946,0.4528259996112261,8.441092094984642,676.0586772378416,365.5908977538124,267.5940841565836,2.0
0.4582578919675876,0.07233550265518063,4.881674981120709,6.740302228769872,112.24569025756716,858.1686099760252,145.14745691053733,3.0
0.8982364079166041,0.10215246144320468,4.22499441881408,3.3016685535161705,329.9011053781816,508.2142112004512,191.54516620056805,3.0
0.8324271594564305,0.8846605705324344,9.677953022169778,7.621168233330662,555.2594381809291,5.48327247184599,747.5911598950877,6.0
0.499317535634031,0.4007776676517867,4.811325970515706,8.76230689350355,265.24859267268874,567.7626078418149,865.231585236634,3.0
0.026528108791444183,0.11684322206117093,3.9452032021570025,2.960931090579859,314.82186692929014,96.51672523757259,642.6942726694443,4.0
0.8544558375488409,0.5209513549396086,6.705717925224263,2.1425217004933184,883.908157249337,685.995876458394,969.5893258843947,9.0
0.12196672359526073,0.5053250227388498,1.1432787192618854,1.2979554668781823,832.6012924303293,224.9347979886729,24.88469987152153,1.0
0.5369582914608412,0.6483498643847909,9.088347129192892,7.985392003753883,363.2303042254314,855.6577775232622,384.5888178507441,4.0
0.05208730633998115,0.07317595247856568,8.690176932546267,7.268172546570001,65.36782157038235,305.7782215291098,193.6100790936951,9.0
0.1507598837631816,0.9716557336990796,1.0293742742347745,5.941104979270108,842.6105399174918,79.553737158658,784.1073608338417,2.0
0.8616682845216596,0.032088127990009374,8.791073858428435,5.924411155717832,905.5385688352907,810.87436495353,135.09007132452223,8.0
0.8744965585531158,0.7740197345649205,9.057410875411833,8.950931757562463,633.9917918257953,129.58931897226344,364.3759275698738,7.0
0.9262789029799041,0.281080943750076,7.402528757921624,0.8835837642180255,197.4485532260424,304.6040291366745,781.9379225721723,8.0
0.4114646807297284,0.3628806626134884,7.124191709204272,3.44712565939525,225.46551905049859,838.4012071731082,406.2279586693669,4.0
0.5576528566443428,0.4297311654920983,3.0862237878259102,4.895591741072658,821.6706376800829,910.8302590971961,8.844595647533371,1.0
0.8592425694105027,0.7359900040953152,6.284623020331782,2.6976884143179425,766.2114435942192,730.6381936595908,883.2254989633244,5.0
0.04192454446959437,0.6796152193344922,8.045598904530225,8.81510669968516,897.938378425554,91.4612372032464,827.2858554355357,5.0
0.6758317284845939,0.7929419259907119,0.021650186227617496,1.001643671114304,239.5443784189169,258.76289177450684,94.00565449981657,1.0
0.2419727847167361,0.7297339083776546,7.368742751486257,7.448965137321204,886.7197636617766,342.2757089659206,16.018045879282905,9.0
0.11714744274691755,0.644038333051006,7.669793308363186,5.0337010638187065,923.2284779017546,958.3687524638846,175.92761790319,7.0
0.2340458520352522,0.4700706528944969,2.9717009178136498,9.055767548547184,667.1841801563563,775.5294006010124,719.1202429398123,2.0
0.4314130442841456,0.8632102250302459,3.2539922640162464,0.35570319996718336,98.75966655472435,7.029793327653523,833.380483237847,10.0
0.6395575092893959,0.5098825485923097,4.212400057103556,8.655527398623324,638.1907344060512,582.0797823300717,5.328497418117029,8.0
0.03030420370433562,0.6336216247832984,6.940528208873916,2.4379935969503705,126.1923846065044,447.63455417843636,231.37002235639613,10.0
0.4087600695643343,0.2434553463688891,3.96530650774108,5.249837912364514,73.08988397965643,965.5934654674013,855.9633767513994,7.0
0.8215587425512607,0.021859761980813075,8.55141307491248,4.6183625917084274,657.4516149810605,29.76219120625556,351.4458578833719,5.0
0.9414201993840816,0.05221021975163132,8.12012884937354,1.429218425966734,940.0976452491542,223.1245425227093,913.6504187252684,9.0
0.5040949186841981,0.7760738522741636,0.8631858613645327,0.3661069820894003,415.0427163368392,132.76839577147115,643.3146391418627,4.0
0.7926135052883433,0.34116801256337337,5.286434170406492,7.011422304853639,717.7858604076478,518.7594226541822,419.0241869044207,10.0
0.7664854360842934,0.4598964445781796,1.479709017731271,2.4304058254049963,162.11696155454524,975.6160403862224,269.2145976979214,5.0
0.9674571885459556,0.2846342622066161,1.0667337481611694,2.1684586155921504,12.144400622316027,153.95779931053087,506.35234921159264,4.0
0.14456763864234412,0.3127251873018405,6.047451481239492,9.595626439077037,323.62648365085016,222.17736959238,126.72869838174843,1.0
0.20379860570555688,0.025196558662713642,8.306958742855633,0.1839104207313292,568.7528184665956,846.8569320709587,834.0015820693393,2.0
0.7239063052414577,0.19165562456399088,6.988477626705484,6.582117433853142,782.2387821483501,0.7089406977529578,777.0318107070727,10.0
0.13372962078865536,0.8309758383361366,2.8178000089003366,1.9792879331317488,35.434840040552416,674.4530343116079,819.0895695139792,1.0
0.6647071821360291,0.051579735519412084,2.6128226458768533,3.7366512287943117,108.61058122682131,194.3196472724057,161.26316008461686,9.0
0.550356204255105,0.8564962322784607,2.7962371112039435,1.285325051256485,247.50082157814458,838.3433835988196,893.4151712693683,4.0
0.05636123117881786,0.2038333161717809,7.6955557874992175,8.30066113391444,77.52370930914898,331.14531629861176,161.5947811806433,5.0
0.4361140628872929,0.7109075823031789,6.313215048858208,2.3514920893213183,521.639440022792,444.79102420332254,66.56347307603593,6.0
0.4571058779124007,0.3423187087649484,3.5461796905223686,5.263187099496171,166.7840325819141,156.30888895117866,444.3725318774874,10.0
0.013884179171202993,0.7973446913348067,0.9133493608483688,5.860063575690672,617.4764538257583,29.69478279730231,361.55134327886617,10.0
0.9138308807944272,0.912406311717582,4.258456309119004,8.319050053455365,858.3654413798693,924.9958781061548,364.1999038481878,3.0
0.9012171277890468,0.13688376239607314,2.3610885584969674,7.152244522584878,883.2870093073149,266.93578159534945,994.6016818101938,4.0
0.8308136854210714,0.5099715469042145,6.032780898712398,4.859141742595749,360.56358384408287,114.8257819496482,156.96257994788175,10.0
0.59350870646026,0.14644090300257473,1.3885614674685076,7.98583186621484,174.9815899379471,90.07174004963646,53.348151608218366,5.0
0.4870472370188724,0.4788097384088403,7.503676010275129,1.7828448593778543,53.42246163906661,52.49373036052774,739.6920804056406,4.0
0.5879754050364198,0.7327416337917024,0.9347351700029238,5.98042976905547,39.084232634296605,929.4041529924882,6.3835161444206765,7.0
0.8761825911222966,0.2678395690516743,6.9652720883191215,5.710482627305219,298.1846685806013,269.2225673101629,702.9478578911711,3.0
0.3782625979802183,0.5777976750826768,0.01537295986151488,3.134106302791518,642.688187021517,182.1560759970013,734.8112102227492,7.0
0.2429796744073192,0.5428233517300716,1.8578948171721559,0.6986396118854488,262.7049845794993,422.62263435803663,335.71171924459037,5.0
0.29602770145184765,0.4777280186744268,2.9068798338909136,6.559198183747813,657.2696095009336,635.7962291563156,169.3663763297636,5.0
0.9910608855853364,0.4882795240900718,3.5396037251521237,0.7766626162007506,810.5351744679729,177.10535658087275,588.5059445727643,8.0
0.02939194991934702,0.8710995682143869,9.5464502537611,2.3016044939941125,220.71754579200424,708.3438195133459,230.3700499202692,8.0
0.8541116941943563,0.3927371518639397,4.158629220107558,4.786343429952859,127.35292446524149,784.7634158410903,689.5960355753523,9.0
0.07131306851285303,0.5587604223429714,7.0188629120523585,0.3872860317289495,983.3631022408133,866.6405049872534,888.1275808421723,8.0
0.09540067726240087,0.02698201717065229,3.1256189414088196,6.899152753989062,886.6268132716693,274.5561237549821,176.0171130382905,1.0
0.7111142500525968,0.2222353102238107,6.814931055554731,6.5347817826947106,958.1239264548964,601.355468623463,441.96235441283966,2.0
0.6616813572161938,0.1380098448572339,0.8333178368292482,4.987502901093387,221.36504081263766,222.77072235766136,352.7021257424836,3.0
0.43916782367507456,0.4100983769617187,6.872285843729977,5.246083707868795,87.22608970768142,106.16108857067509,627.1643024160213,1.0
0.06593746456329275,0.9015567460356919,8.112176130504382,1.681831394736577,434.63484403963736,935.3904321990937,343.25218502314226,4.0
0.8640398775076674,0.4075548112544335,2.426906741274518,8.245990230934442,244.6809532932374,411.9066632398638,646.3462922562522,3.0
0.07732173886111826,0.0951020280091982,6.016853251128732,6.446739123871519,560.0436874242566,615.9174080418563,576.0631259381527,3.0
0.3020372459859414,0.8675399497387091,0.15641732606811565,2.6092900892146345,17.52216131414408,742.4886791074872,981.2109611217177,4.0
0.7331059585563395,0.612890797795827,2.975554095085553,5.3458580346498294,263.0141083584725,11.024202741460098,196.69675163313138,5.0
0.6902586958280836,0.7847553434573534,4.642864748953358,9.947037197883077,684.3252301858491,236.56231503390637,174.7447732760463,10.0
0.93410936185407,0.14010120832440487,9.546707221255737,9.52236048099741,81.9623461129645,648.0715834519617,317.18830840858897,4.0
0.8074030583558933,0.039529671342936834,3.7471308176084066,6.155450779252324,911.2054067311976,193.0621423982827,731.4437293625737,6.0
0.6613227962805427,0.3892429151402392,9.904616518195617,0.5865204664788126,64.54023638012019,290.9604008963865,528.4058793669539,4.0
0.27341490172244065,0.3767972910584685,4.986886883043842,1.2469931293643732,913.3298469015944,871.5121609226723,584.4883881048024,3.0
0.5579245823653386,0.5564674415871448,2.226918530939014,0.2821683441390199,641.8964280924091,827.4382138062759,964.7599172070593,2.0
0.8706077891449565,0.9720547691961252,7.8013625138295115,3.014239124221707,81.81126774331881,261.67404096620896,921.2878435146632,3.0
0.1757677415858271,0.9843421646264365,8.058367304615647,0.03633695328866815,583.6035982388729,362.0285413558844,118.12029360606158,2.0
0.31284005066219034,0.3416932452575091,9.90620390896974,7.915527668405602,718.9989981862825,799.736038907237,133.49311343995063,8.0
0.2913646993835398,0.837966470370717,8.356892234890527,4.864217080820822,103.4476376291571,236.12116177973485,384.71579110228816,1.0
0.234529750425586,0.39144643868453266,7.946054436423234,5.35033757522977,248.86276685426157,286.57614202731486,949.9611273931537,4.0
0.5299288832642411,0.4878512972342589,2.838572167012201,3.1911611510036586,891.3889557987694,302.6652532043324,762.3579887829583,6.0
0.4107749475925969,0.5264159637252736,1.670157185501615,5.04248704469425,730.5137179748267,237.6882922007667,404.9725243342024,7.0
0.23312957965723335,0.16707383585556856,3.195115734135243,2.157103984330948,350.4609483704232,813.0265333574301,572.0548208874159,5.0
0.5103693248248572,0.6257391643821565,2.014112096888925,4.76637477441665,9.310073784862482,940.2421937696212,70.68412994358697,10.0
